model_name,peak_base_shear_x_kn,peak_base_shear_y_kn,peak_base_shear_xy_ratio,initial_stiffness_x_kn_per_m,initial_stiffness_y_kn_per_m,initial_stiffness_xy_ratio,normalized_energy_x,normalized_energy_y,normalized_energy_xy_ratio,damage_rank_x,damage_rank_y,damage_rank_diff_abs,critical_state_x,critical_state_y,critical_type_x,critical_type_y
Model_0001_4Story_X2Bay_Y2Bay_C35_Col60x60_Beam30x50_RhoC030_RhoBT008_RhoBB012_PushD030_SoilZA_Raft100_RhoR020_Slab022_RhoS030,16277.1,14285.5,1.13942,83148.9,79765.8,1.04241,0.648231,0.650422,1.00338,2,1,1,IO-LS,B-IO,column,column
Model_0001_4Story_X2Bay_Y4Bay_C25_Col40x40_Beam25x50_RhoC010_RhoBT008_RhoBB008_PushD035_SoilZE_Raft050_RhoR040_Slab018_RhoS040,2773.39,3273.11,1.18018,38757.2,42672,1.10101,0.644216,0.859425,1.33406,1,3,2,B-IO,LS-CP,column,column
Model_0001_4Story_X2Bay_Y4Bay_C25_Col40x40_Beam25x50_RhoC010_RhoBT008_RhoBB008_PushD035_SoilZE_Raft050_RhoR040_Slab018_RhoS040_WallT030_L200,3252.02,3261.12,1.0028,49171,60671.6,1.23389,0.866466,0.869357,1.00334,3,3,0,LS-CP,LS-CP,column,column
Model_0001_4Story_X2Bay_Y4Bay_C25_Col40x40_Beam25x50_RhoC010_RhoBT008_RhoBB008_PushD035_SoilZE_Raft050_Slab023_RhoS025,3277.1,3285.23,1.00248,39747.1,46281.5,1.1644,0.864588,0.868312,1.00431,3,3,0,LS-CP,LS-CP,column,column
Model_0001_4Story_X2Bay_Y4Bay_C25_Col40x40_Beam25x50_RhoC010_RhoBT008_RhoBB008_PushD055_SoilZE_Raft050_RhoR040_Slab018_RhoS040_WallT030_L200,3254.32,3261.82,1.0023,49464.9,59366.1,1.20017,0.761088,0.758977,1.00278,3,3,0,LS-CP,LS-CP,column,column
Model_0001_4Story_X2Bay_Y4Bay_C25_Col40x40_Beam25x50_RhoC010_RhoBT008_RhoBB008_PushD060_SoilZE_Raft050_RhoR040_Slab018_RhoS040_WallT030_L200,3279.87,3278.02,1.00056,47789.8,59231.7,1.23942,0.719046,0.718093,1.00133,3,3,0,LS-CP,LS-CP,column,column
Model_0001_4Story_X5Bay_Y3Bay_C35_Col45x45_Beam30x50_RhoC025_RhoBT020_RhoBB008_PushD060_SoilZB_Raft050_RhoR030_Slab022_RhoS025_WallT030_L350,19861.4,19590.4,1.01383,211137,219681,1.04047,0.825724,0.834713,1.01089,3,3,0,LS-CP,LS-CP,column,column
Model_0001_5Story_X2Bay_Y4Bay_C25_Col40x40_Beam25x50_RhoC010_RhoBT008_RhoBB008_PushD035_SoilZE_Raft050_RhoR040_Slab018_RhoS040,3268.21,3272.52,1.00132,28907.2,32924.4,1.13897,0.847178,0.856559,1.01107,3,3,0,LS-CP,LS-CP,column,column
Model_0001_5Story_X2Bay_Y4Bay_C25_Col40x40_Beam25x50_RhoC010_RhoBT008_RhoBB008_PushD035_SoilZE_Raft050_RhoR040_Slab018_RhoS040_WallT030_L200,3239.41,3275.03,1.01099,35069.1,45232.6,1.28981,0.829504,0.825102,1.00534,3,3,0,LS-CP,LS-CP,column,column
Model_0001_6Story_X5Bay_Y2Bay_C40_Col70x70_Beam35x60_RhoC015_RhoBT020_RhoBB012_PushD035_SoilZE_Raft060_RhoR050_Slab015_RhoS040_WallT025_L350,27431.2,26960.1,1.01747,195031,81827.6,2.38344,0.734308,0.671212,1.094,3,2,1,LS-CP,IO-LS,column,column
Model_0001_6Story_X5Bay_Y3Bay_C35_Col50x50_Beam25x50_RhoC030_RhoBT005_RhoBB008_PushD025_SoilZB_Raft060_RhoR050_Slab021_RhoS020_WallT030_L200,29900.5,29897,1.00012,176748,165653,1.06698,0.737054,0.726373,1.0147,3,3,0,LS-CP,LS-CP,column,column
Model_0001_8Story_X2Bay_Y2Bay_C30_Col70x70_Beam35x60_RhoC030_RhoBT008_RhoBB012_PushD035_SoilZE_Raft080_RhoR025_Slab023_RhoS025_WallT030_L300,25387.9,25623.9,1.00929,41211.7,40176.9,1.02576,0.58921,0.58963,1.00071,3,3,0,LS-CP,LS-CP,column,column
Model_0001_8Story_X2Bay_Y4Bay_C25_Col40x40_Beam25x50_RhoC010_RhoBT008_RhoBB008_PushD035_SoilZE_Raft050_RhoR040_Slab018_RhoS040,3262.78,3264.38,1.00049,15168.4,18647.7,1.22938,0.830096,0.843922,1.01665,3,3,0,LS-CP,LS-CP,column,column
Model_0001_8Story_X2Bay_Y4Bay_C25_Col40x40_Beam25x50_RhoC010_RhoBT008_RhoBB008_PushD035_SoilZE_Raft050_RhoR040_Slab018_RhoS040_WallT030_L200,3232.45,3286.01,1.01657,19017.7,26290.3,1.38241,0.645092,0.784459,1.21604,3,3,0,LS-CP,LS-CP,column,column
Model_0001_9Story_X2Bay_Y2Bay_C40_Col50x50_Beam35x60_RhoC025_RhoBT016_RhoBB016_PushD040_SoilZB_Raft070_RhoR020_Slab018_RhoS040,10907.9,10150,1.07467,31848.6,31127.8,1.02316,0.758143,0.741203,1.02285,3,3,0,LS-CP,LS-CP,column,column
Model_0002_10Story_X4Bay_Y3Bay_C35_Col50x50_Beam35x60_RhoC010_RhoBT008_RhoBB008_PushD030_SoilZE_Raft090_RhoR035_Slab024_RhoS030,8370.73,8370.69,1,70852.8,60609.5,1.169,0.862476,0.854855,1.00892,3,3,0,LS-CP,LS-CP,column,column
Model_0002_5Story_X2Bay_Y4Bay_C35_Col55x55_Beam35x60_RhoC015_RhoBT012_RhoBB012_PushD020_SoilZE_Raft100_RhoR025_Slab022_RhoS020_WallT025_L150,12302.6,12896,1.04823,75166.2,134002,1.78274,0.717107,0.79735,1.1119,3,3,0,LS-CP,LS-CP,column,column
Model_0002_5Story_X4Bay_Y2Bay_C40_Col50x50_Beam30x50_RhoC015_RhoBT020_RhoBB016_PushD015_SoilZA_Raft050_RhoR025_Slab025_RhoS025,9018.77,8956.69,1.00693,96168,90044.8,1.068,0.781804,0.767489,1.01865,2,2,0,IO-LS,IO-LS,column,column
Model_0002_5Story_X4Bay_Y2Bay_C40_Col50x50_Beam30x50_RhoC015_RhoBT020_RhoBB016_PushD015_SoilZA_Raft050_RhoR025_Slab025_RhoS025_WallT030_L350,9525.47,9462.16,1.00669,187108,149668,1.25015,0.845718,0.82906,1.02009,2,3,1,IO-LS,LS-CP,column,column
Model_0002_5Story_X4Bay_Y2Bay_C40_Col50x50_Beam30x50_RhoC015_RhoBT020_RhoBB016_PushD020_SoilZA_Raft050_RhoR025_Slab025_RhoS025_WallT030_L350,9927.55,9912.83,1.00149,186816,151867,1.23013,0.846012,0.833178,1.0154,3,3,0,LS-CP,LS-CP,column,column
Model_0002_5Story_X5Bay_Y4Bay_C25_Col60x60_Beam35x70_RhoC010_RhoBT008_RhoBB012_PushD050_SoilZC_Raft070_RhoR050_Slab025_RhoS035_WallT030_L200,24707.1,24827.2,1.00486,462321,434220,1.06472,0.545336,0.543452,1.00347,3,3,0,LS-CP,LS-CP,column,column
Model_0002_7Story_X2Bay_Y2Bay_C30_Col40x40_Beam25x50_RhoC025_RhoBT005_RhoBB012_PushD025_SoilZE_Raft070_RhoR020_Slab022_RhoS040_WallT025_L300,5505.24,5533.77,1.00518,32016.4,26117.9,1.22584,0.799177,0.763132,1.04723,3,3,0,LS-CP,LS-CP,column,column
Model_0002_7Story_X5Bay_Y3Bay_C40_Col45x45_Beam30x60_RhoC015_RhoBT005_RhoBB005_PushD040_SoilZC_Raft050_RhoR020_Slab024_RhoS035_WallT025_L150,9402.59,9380.53,1.00235,108914,95230.7,1.14368,0.63916,0.644461,1.00829,3,3,0,LS-CP,LS-CP,column,column
Model_0002_7Story_X5Bay_Y4Bay_C30_Col50x50_Beam30x60_RhoC025_RhoBT012_RhoBB005_PushD025_SoilZB_Raft070_RhoR030_Slab020_RhoS040_WallT025_L150,37127.8,37140.9,1.00035,217568,202170,1.07617,0.778427,0.76955,1.01153,3,3,0,LS-CP,LS-CP,column,column
Model_0002_8Story_X2Bay_Y2Bay_C30_Col40x40_Beam25x50_RhoC025_RhoBT005_RhoBB012_PushD025_SoilZE_Raft070_RhoR020_Slab022_RhoS040,5019.08,3972.93,1.26332,15032.3,14700.3,1.02258,0.684796,0.529435,1.29344,2,1,1,IO-LS,B-IO,column,column
