model_name,direction,metadata_file,story_count,total_height_m,x_bay_count,y_bay_count,concrete_class,column_section,beam_section,rho_col,rho_beam_top,rho_beam_bottom,has_shear_walls,wall_area_m2,soil_class,subgrade_modulus_kn_m3,target_drift_ratio,target_displacement_m,critical_state,critical_rank,critical_type,lscp_event_count,cp_event_count,curve_source_type,curve_point_count,curve_note,initial_stiffness_kn_per_m,peak_base_shear_kn,peak_displacement_m,final_displacement_m,final_base_shear_kn,post_peak_strength_ratio,area_under_curve_kn_m,normalized_energy,yield_displacement_proxy_m,ductility_proxy,final_secant_stiffness_kn_per_m,stiffness_degradation_proxy,normalized_curve_points
Model_0001_4Story_X2Bay_Y2Bay_C35_Col60x60_Beam30x50_RhoC030_RhoBT008_RhoBB012_PushD030_SoilZA_Raft100_RhoR020_Slab022_RhoS030,X,examples\sample_metadata\sample_0001_metadata.json,4,13.2,2,2,C35,60x60,30x50,0.03,0.008,0.012,no,0,ZA,120000,0.03,0.396,IO-LS,2,column,0,0,envelope_monotonic_estimate,13,Envelope Max/Min result rows are converted to a monotonic capacity estimate when SAP2000 does not return saved nonlinear states.,83148.9,16277.1,0.396,0.396,16277.1,1,4178.32,0.648231,0.143438,2.76077,41103.7,0.494339,"[[0.0,0.0],[0.025,0.0506],[0.05,0.1011],[0.075,0.1517],[0.1,0.2023],[0.125,0.2514],[0.15,0.2923],[0.175,0.3332],[0.2,0.3741],[0.225,0.4143],[0.25,0.4497],[0.275,0.4851],[0.3,0.5205],[0.325,0.5558],[0.35,0.589],[0.375,0.6115],[0.4,0.634],[0.425,0.6565],[0.45,0.679],[0.475,0.7015],[0.5,0.7239],[0.525,0.7464],[0.55,0.7639],[0.575,0.7796],[0.6,0.7953],[0.625,0.8111],[0.65,0.8255],[0.675,0.8394],[0.7,0.8534],[0.725,0.8673],[0.75,0.8806],[0.775,0.8937],[0.8,0.9068],[0.825,0.9198],[0.85,0.9319],[0.875,0.9437],[0.9,0.9555],[0.925,0.9673],[0.95,0.9784],[0.975,0.9892],[1.0,1.0]]"
Model_0001_4Story_X2Bay_Y2Bay_C35_Col60x60_Beam30x50_RhoC030_RhoBT008_RhoBB012_PushD030_SoilZA_Raft100_RhoR020_Slab022_RhoS030,Y,examples\sample_metadata\sample_0001_metadata.json,4,13.2,2,2,C35,60x60,30x50,0.03,0.008,0.012,no,0,ZA,120000,0.03,0.396,B-IO,1,column,0,0,envelope_monotonic_estimate,22,Envelope Max/Min result rows are converted to a monotonic capacity estimate when SAP2000 does not return saved nonlinear states.,79765.8,14285.5,0.396,0.396,14285.5,1,3679.47,0.650422,0.125227,3.16226,36074.4,0.452254,"[[0.0,0.0],[0.025,0.0553],[0.05,0.1106],[0.075,0.1658],[0.1,0.2211],[0.125,0.2747],[0.15,0.3206],[0.175,0.3666],[0.2,0.4126],[0.225,0.4577],[0.25,0.4967],[0.275,0.5357],[0.3,0.5747],[0.325,0.6137],[0.35,0.6521],[0.375,0.6882],[0.4,0.7241],[0.425,0.7456],[0.45,0.7671],[0.475,0.7887],[0.5,0.8102],[0.525,0.8313],[0.55,0.8511],[0.575,0.8709],[0.6,0.5747],[0.625,0.62],[0.65,0.6654],[0.675,0.7108],[0.7,0.75],[0.725,0.773],[0.75,0.7959],[0.775,0.8189],[0.8,0.8419],[0.825,0.8649],[0.85,0.8878],[0.875,0.9108],[0.9,0.9311],[0.925,0.9484],[0.95,0.9657],[0.975,0.983],[1.0,1.0]]"
Model_0001_4Story_X2Bay_Y4Bay_C25_Col40x40_Beam25x50_RhoC010_RhoBT008_RhoBB008_PushD035_SoilZE_Raft050_RhoR040_Slab018_RhoS040,X,examples\sample_metadata\sample_0002_metadata.json,4,14,2,4,C25,40x40,25x50,0.01,0.008,0.008,no,0,ZE,12000,0.035,0.49,B-IO,1,column,0,0,envelope_monotonic_estimate,8,Envelope Max/Min result rows are converted to a monotonic capacity estimate when SAP2000 does not return saved nonlinear states.,38757.2,2773.39,0.106844,0.106844,2773.39,1,190.894,0.644216,0.0425139,2.51315,25957.4,0.669743,"[[0.0,0.0],[0.025,0.0377],[0.05,0.0754],[0.075,0.1131],[0.1,0.1508],[0.125,0.1885],[0.15,0.2262],[0.175,0.2639],[0.2,0.3016],[0.225,0.3393],[0.25,0.377],[0.275,0.4147],[0.3,0.4524],[0.325,0.4901],[0.35,0.5278],[0.375,0.5655],[0.4,0.6032],[0.425,0.6409],[0.45,0.6786],[0.475,0.7162],[0.5,0.7486],[0.525,0.7802],[0.55,0.8118],[0.575,0.8365],[0.6,0.8488],[0.625,0.8612],[0.65,0.8735],[0.675,0.8859],[0.7,0.8982],[0.725,0.9105],[0.75,0.9229],[0.775,0.9352],[0.8,0.9476],[0.825,0.9599],[0.85,0.9665],[0.875,0.9721],[0.9,0.9777],[0.925,0.9833],[0.95,0.9888],[0.975,0.9944],[1.0,1.0]]"
Model_0001_4Story_X2Bay_Y4Bay_C25_Col40x40_Beam25x50_RhoC010_RhoBT008_RhoBB008_PushD035_SoilZE_Raft050_RhoR040_Slab018_RhoS040,Y,examples\sample_metadata\sample_0002_metadata.json,4,14,2,4,C25,40x40,25x50,0.01,0.008,0.008,no,0,ZE,12000,0.035,0.49,LS-CP,3,column,44,0,envelope_monotonic_estimate,46,Envelope Max/Min result rows are converted to a monotonic capacity estimate when SAP2000 does not return saved nonlinear states.,42672,3273.11,0.469506,0.49,3210.68,0.980925,1378.37,0.859425,0.0457424,10.7122,6552.41,0.153553,"[[0.0,0.0],[0.025,0.1607],[0.05,0.3214],[0.075,0.482],[0.1,0.6427],[0.125,0.731],[0.15,0.7936],[0.175,0.8228],[0.2,0.8356],[0.225,0.8485],[0.25,0.8614],[0.275,0.8698],[0.3,0.876],[0.325,0.8822],[0.35,0.8884],[0.375,0.8942],[0.4,0.8998],[0.425,0.9055],[0.45,0.9111],[0.475,0.9168],[0.5,0.9224],[0.525,0.928],[0.55,0.9337],[0.575,0.9392],[0.6,0.9445],[0.625,0.9499],[0.65,0.9553],[0.675,0.9596],[0.7,0.9633],[0.725,0.9671],[0.75,0.9709],[0.775,0.9747],[0.8,0.9785],[0.825,0.9822],[0.85,0.986],[0.875,0.9894],[0.9,0.9926],[0.925,0.9958],[0.95,0.999],[0.975,0.9937],[1.0,0.9809]]"
Model_0001_4Story_X2Bay_Y4Bay_C25_Col40x40_Beam25x50_RhoC010_RhoBT008_RhoBB008_PushD035_SoilZE_Raft050_RhoR040_Slab018_RhoS040_WallT030_L200,X,examples\sample_metadata\sample_0003_metadata.json,4,14,2,4,C25,40x40,25x50,0.01,0.008,0.008,yes,9.6,ZE,12000,0.035,0.49,LS-CP,3,column,29,0,envelope_monotonic_estimate,27,Envelope Max/Min result rows are converted to a monotonic capacity estimate when SAP2000 does not return saved nonlinear states.,49171,3252.02,0.356073,0.49,2596.04,0.798285,1380.71,0.866466,0.0371417,13.1927,5298.04,0.107747,"[[0.0,0.0],[0.025,0.1979],[0.05,0.3958],[0.075,0.5937],[0.1,0.7595],[0.125,0.8388],[0.15,0.8512],[0.175,0.859],[0.2,0.8669],[0.225,0.8747],[0.25,0.8825],[0.275,0.8903],[0.3,0.8981],[0.325,0.906],[0.35,0.9132],[0.375,0.9205],[0.4,0.9277],[0.425,0.9349],[0.45,0.9422],[0.475,0.9495],[0.5,0.9568],[0.525,0.9641],[0.55,0.9714],[0.575,0.9788],[0.6,0.9861],[0.625,0.9935],[0.65,0.9954],[0.675,0.9969],[0.7,0.9984],[0.725,0.9999],[0.75,0.9829],[0.775,0.9646],[0.8,0.9463],[0.825,0.928],[0.85,0.9095],[0.875,0.891],[0.9,0.8725],[0.925,0.8539],[0.95,0.8354],[0.975,0.8168],[1.0,0.7983]]"
Model_0001_4Story_X2Bay_Y4Bay_C25_Col40x40_Beam25x50_RhoC010_RhoBT008_RhoBB008_PushD035_SoilZE_Raft050_RhoR040_Slab018_RhoS040_WallT030_L200,Y,examples\sample_metadata\sample_0003_metadata.json,4,14,2,4,C25,40x40,25x50,0.01,0.008,0.008,yes,9.6,ZE,12000,0.035,0.49,LS-CP,3,column,33,0,envelope_monotonic_estimate,57,Envelope Max/Min result rows are converted to a monotonic capacity estimate when SAP2000 does not return saved nonlinear states.,60671.6,3261.12,0.31157,0.49,2543,0.779792,1389.19,0.869357,0.0307265,15.9471,5189.79,0.085539,"[[0.0,0.0],[0.025,0.2392],[0.05,0.4784],[0.075,0.7169],[0.1,0.8051],[0.125,0.8394],[0.15,0.8583],[0.175,0.8655],[0.2,0.8727],[0.225,0.8799],[0.25,0.8871],[0.275,0.8943],[0.3,0.9015],[0.325,0.9087],[0.35,0.916],[0.375,0.9233],[0.4,0.9306],[0.425,0.9379],[0.45,0.9452],[0.475,0.9525],[0.5,0.9599],[0.525,0.9672],[0.55,0.9746],[0.575,0.982],[0.6,0.9894],[0.625,0.9968],[0.65,0.996],[0.675,0.9889],[0.7,0.9817],[0.725,0.9746],[0.75,0.9613],[0.775,0.9432],[0.8,0.9251],[0.825,0.907],[0.85,0.8888],[0.875,0.8707],[0.9,0.8525],[0.925,0.8344],[0.95,0.8162],[0.975,0.798],[1.0,0.7798]]"
Model_0001_4Story_X2Bay_Y4Bay_C25_Col40x40_Beam25x50_RhoC010_RhoBT008_RhoBB008_PushD035_SoilZE_Raft050_Slab023_RhoS025,X,examples\sample_metadata\sample_0004_metadata.json,4,14,2,4,C25,40x40,25x50,0.01,0.008,0.008,no,0,ZE,12000,0.035,0.49,LS-CP,3,column,20,0,envelope_monotonic_estimate,20,Envelope Max/Min result rows are converted to a monotonic capacity estimate when SAP2000 does not return saved nonlinear states.,39747.1,3277.1,0.455559,0.49,3192.76,0.974262,1388.34,0.864588,0.0451579,10.8508,6515.83,0.163932,"[[0.0,0.0],[0.025,0.1628],[0.05,0.3255],[0.075,0.4883],[0.1,0.6477],[0.125,0.756],[0.15,0.821],[0.175,0.8463],[0.2,0.853],[0.225,0.8596],[0.25,0.8663],[0.275,0.873],[0.3,0.8796],[0.325,0.886],[0.35,0.8922],[0.375,0.8983],[0.4,0.9045],[0.425,0.9107],[0.45,0.9168],[0.475,0.923],[0.5,0.9291],[0.525,0.9344],[0.55,0.9394],[0.575,0.9443],[0.6,0.9493],[0.625,0.9534],[0.65,0.9572],[0.675,0.961],[0.7,0.9648],[0.725,0.9686],[0.75,0.9724],[0.775,0.9763],[0.8,0.9801],[0.825,0.9839],[0.85,0.9878],[0.875,0.9916],[0.9,0.9954],[0.925,0.9993],[0.95,0.9987],[0.975,0.9872],[1.0,0.9743]]"
Model_0001_4Story_X2Bay_Y4Bay_C25_Col40x40_Beam25x50_RhoC010_RhoBT008_RhoBB008_PushD035_SoilZE_Raft050_Slab023_RhoS025,Y,examples\sample_metadata\sample_0004_metadata.json,4,14,2,4,C25,40x40,25x50,0.01,0.008,0.008,no,0,ZE,12000,0.035,0.49,LS-CP,3,column,43,0,envelope_monotonic_estimate,28,Envelope Max/Min result rows are converted to a monotonic capacity estimate when SAP2000 does not return saved nonlinear states.,46281.5,3285.23,0.457252,0.49,3182.8,0.968821,1397.77,0.868312,0.041446,11.8226,6495.5,0.140348,"[[0.0,0.0],[0.025,0.1773],[0.05,0.3547],[0.075,0.532],[0.1,0.6901],[0.125,0.7663],[0.15,0.8309],[0.175,0.8402],[0.2,0.8494],[0.225,0.8586],[0.25,0.8674],[0.275,0.8741],[0.3,0.8807],[0.325,0.8874],[0.35,0.894],[0.375,0.9001],[0.4,0.9063],[0.425,0.9125],[0.45,0.9187],[0.475,0.9245],[0.5,0.9304],[0.525,0.9363],[0.55,0.9418],[0.575,0.9456],[0.6,0.9494],[0.625,0.9532],[0.65,0.957],[0.675,0.9608],[0.7,0.9646],[0.725,0.9685],[0.75,0.9723],[0.775,0.9761],[0.8,0.9799],[0.825,0.9837],[0.85,0.9875],[0.875,0.9913],[0.9,0.995],[0.925,0.9988],[0.95,0.9943],[0.975,0.9816],[1.0,0.9688]]"
Model_0001_4Story_X2Bay_Y4Bay_C25_Col40x40_Beam25x50_RhoC010_RhoBT008_RhoBB008_PushD055_SoilZE_Raft050_RhoR040_Slab018_RhoS040_WallT030_L200,X,examples\sample_metadata\sample_0005_metadata.json,4,14,2,4,C25,40x40,25x50,0.01,0.008,0.008,yes,9.6,ZE,12000,0.055,0.77,LS-CP,3,column,21,0,envelope_monotonic_estimate,41,Envelope Max/Min result rows are converted to a monotonic capacity estimate when SAP2000 does not return saved nonlinear states.,49464.9,3254.32,0.317847,0.77,1193.93,0.366877,1907.15,0.761088,0.0371441,20.7301,1550.56,0.0313468,"[[0.0,0.0],[0.025,0.311],[0.05,0.6219],[0.075,0.7816],[0.1,0.8356],[0.125,0.8688],[0.15,0.88],[0.175,0.8913],[0.2,0.9026],[0.225,0.9139],[0.25,0.9253],[0.275,0.9367],[0.3,0.948],[0.325,0.9595],[0.35,0.971],[0.375,0.9826],[0.4,0.9941],[0.425,0.9929],[0.45,0.9783],[0.475,0.9637],[0.5,0.9492],[0.525,0.9275],[0.55,0.8984],[0.575,0.8694],[0.6,0.8403],[0.625,0.8112],[0.65,0.782],[0.675,0.7528],[0.7,0.7236],[0.725,0.6942],[0.75,0.6648],[0.775,0.6353],[0.8,0.6058],[0.825,0.5762],[0.85,0.5465],[0.875,0.5167],[0.9,0.487],[0.925,0.4571],[0.95,0.427],[0.975,0.3969],[1.0,0.3669]]"
Model_0001_4Story_X2Bay_Y4Bay_C25_Col40x40_Beam25x50_RhoC010_RhoBT008_RhoBB008_PushD055_SoilZE_Raft050_RhoR040_Slab018_RhoS040_WallT030_L200,Y,examples\sample_metadata\sample_0005_metadata.json,4,14,2,4,C25,40x40,25x50,0.01,0.008,0.008,yes,9.6,ZE,12000,0.055,0.77,LS-CP,3,column,17,0,envelope_monotonic_estimate,51,Envelope Max/Min result rows are converted to a monotonic capacity estimate when SAP2000 does not return saved nonlinear states.,59366.1,3261.82,0.311909,0.77,1163.23,0.35662,1906.25,0.758977,0.0307331,25.0544,1510.69,0.025447,"[[0.0,0.0],[0.025,0.3758],[0.05,0.7434],[0.075,0.8187],[0.1,0.8551],[0.125,0.8715],[0.15,0.8828],[0.175,0.8942],[0.2,0.9055],[0.225,0.9169],[0.25,0.9284],[0.275,0.9398],[0.3,0.9513],[0.325,0.9628],[0.35,0.9744],[0.375,0.986],[0.4,0.9976],[0.425,0.986],[0.45,0.9683],[0.475,0.9507],[0.5,0.9331],[0.525,0.9068],[0.55,0.8783],[0.575,0.8498],[0.6,0.8212],[0.625,0.7926],[0.65,0.764],[0.675,0.7353],[0.7,0.7067],[0.725,0.6779],[0.75,0.649],[0.775,0.6201],[0.8,0.5912],[0.825,0.5621],[0.85,0.533],[0.875,0.5038],[0.9,0.4746],[0.925,0.4452],[0.95,0.4157],[0.975,0.3861],[1.0,0.3566]]"
Model_0001_4Story_X2Bay_Y4Bay_C25_Col40x40_Beam25x50_RhoC010_RhoBT008_RhoBB008_PushD060_SoilZE_Raft050_RhoR040_Slab018_RhoS040_WallT030_L200,X,examples\sample_metadata\sample_0006_metadata.json,4,14,2,4,C25,40x40,25x50,0.01,0.008,0.008,yes,9.6,ZE,12000,0.06,0.84,LS-CP,3,column,21,0,envelope_monotonic_estimate,32,Envelope Max/Min result rows are converted to a monotonic capacity estimate when SAP2000 does not return saved nonlinear states.,47789.8,3279.87,0.346774,0.84,832.24,0.253742,1981.04,0.719046,0.0374357,22.4385,990.762,0.0207316,"[[0.0,0.0],[0.025,0.3366],[0.05,0.6722],[0.075,0.8036],[0.1,0.8415],[0.125,0.8669],[0.15,0.8791],[0.175,0.8913],[0.2,0.9035],[0.225,0.9158],[0.25,0.9281],[0.275,0.9405],[0.3,0.9529],[0.325,0.9642],[0.35,0.9744],[0.375,0.9846],[0.4,0.9948],[0.425,0.9854],[0.45,0.9556],[0.475,0.9257],[0.5,0.8958],[0.525,0.8651],[0.55,0.8336],[0.575,0.8021],[0.6,0.7705],[0.625,0.7389],[0.65,0.7071],[0.675,0.6754],[0.7,0.6436],[0.725,0.6117],[0.75,0.5796],[0.775,0.5475],[0.8,0.5154],[0.825,0.4831],[0.85,0.4506],[0.875,0.4181],[0.9,0.3856],[0.925,0.3528],[0.95,0.3198],[0.975,0.2868],[1.0,0.2537]]"
Model_0001_4Story_X2Bay_Y4Bay_C25_Col40x40_Beam25x50_RhoC010_RhoBT008_RhoBB008_PushD060_SoilZE_Raft050_RhoR040_Slab018_RhoS040_WallT030_L200,Y,examples\sample_metadata\sample_0006_metadata.json,4,14,2,4,C25,40x40,25x50,0.01,0.008,0.008,yes,9.6,ZE,12000,0.06,0.84,LS-CP,3,column,20,0,envelope_monotonic_estimate,53,Envelope Max/Min result rows are converted to a monotonic capacity estimate when SAP2000 does not return saved nonlinear states.,59231.7,3278.02,0.336308,0.84,808.559,0.246661,1977.29,0.718093,0.0308858,27.197,962.57,0.0162509,"[[0.0,0.0],[0.025,0.408],[0.05,0.7817],[0.075,0.8221],[0.1,0.8597],[0.125,0.8723],[0.15,0.8846],[0.175,0.897],[0.2,0.9093],[0.225,0.9217],[0.25,0.9342],[0.275,0.9467],[0.3,0.9591],[0.325,0.9693],[0.35,0.9795],[0.375,0.9897],[0.4,0.9999],[0.425,0.9701],[0.45,0.9398],[0.475,0.9095],[0.5,0.8792],[0.525,0.8482],[0.55,0.8172],[0.575,0.7862],[0.6,0.7551],[0.625,0.7239],[0.65,0.6927],[0.675,0.6614],[0.7,0.6302],[0.725,0.5986],[0.75,0.5671],[0.775,0.5355],[0.8,0.504],[0.825,0.4721],[0.85,0.4402],[0.875,0.4083],[0.9,0.3764],[0.925,0.344],[0.95,0.3115],[0.975,0.2791],[1.0,0.2467]]"
Model_0001_4Story_X5Bay_Y3Bay_C35_Col45x45_Beam30x50_RhoC025_RhoBT020_RhoBB008_PushD060_SoilZB_Raft050_RhoR030_Slab022_RhoS025_WallT030_L350,X,examples\sample_metadata\sample_0007_metadata.json,4,13.2,5,3,C35,45x45,30x50,0.025,0.02,0.008,yes,16.8,ZB,80000,0.06,0.792,LS-CP,3,column,64,0,envelope_monotonic_estimate,28,Envelope Max/Min result rows are converted to a monotonic capacity estimate when SAP2000 does not return saved nonlinear states.,211137,19861.4,0.338236,0.792,12909.4,0.649976,12988.8,0.825724,0.0463077,17.103,16299.8,0.0772,"[[0.0,0.0],[0.025,0.26],[0.05,0.5201],[0.075,0.7533],[0.1,0.8394],[0.125,0.8542],[0.15,0.8662],[0.175,0.8782],[0.2,0.8902],[0.225,0.9023],[0.25,0.9145],[0.275,0.9266],[0.3,0.9388],[0.325,0.9509],[0.35,0.9633],[0.375,0.9756],[0.4,0.988],[0.425,0.9922],[0.45,0.9879],[0.475,0.9746],[0.5,0.9614],[0.525,0.9482],[0.55,0.9328],[0.575,0.9172],[0.6,0.9016],[0.625,0.886],[0.65,0.8704],[0.675,0.8548],[0.7,0.8392],[0.725,0.8236],[0.75,0.8079],[0.775,0.7922],[0.8,0.7766],[0.825,0.7609],[0.85,0.7451],[0.875,0.7293],[0.9,0.7136],[0.925,0.6978],[0.95,0.6819],[0.975,0.6659],[1.0,0.65]]"
Model_0001_4Story_X5Bay_Y3Bay_C35_Col45x45_Beam30x50_RhoC025_RhoBT020_RhoBB008_PushD060_SoilZB_Raft050_RhoR030_Slab022_RhoS025_WallT030_L350,Y,examples\sample_metadata\sample_0007_metadata.json,4,13.2,5,3,C35,45x45,30x50,0.025,0.02,0.008,yes,16.8,ZB,80000,0.06,0.792,LS-CP,3,column,16,0,envelope_monotonic_estimate,46,Envelope Max/Min result rows are converted to a monotonic capacity estimate when SAP2000 does not return saved nonlinear states.,219681,19590.4,0.315313,0.792,12892.8,0.658116,12951.1,0.834713,0.0464912,17.0355,16278.7,0.0741016,"[[0.0,0.0],[0.025,0.2555],[0.05,0.5111],[0.075,0.7549],[0.1,0.8474],[0.125,0.861],[0.15,0.8746],[0.175,0.8882],[0.2,0.9017],[0.225,0.914],[0.25,0.9263],[0.275,0.9386],[0.3,0.951],[0.325,0.9635],[0.35,0.976],[0.375,0.9884],[0.4,0.9996],[0.425,0.9941],[0.45,0.9887],[0.475,0.9833],[0.5,0.977],[0.525,0.9612],[0.55,0.9454],[0.575,0.9295],[0.6,0.9137],[0.625,0.8979],[0.65,0.882],[0.675,0.8662],[0.7,0.8503],[0.725,0.8344],[0.75,0.8185],[0.775,0.8026],[0.8,0.7867],[0.825,0.7707],[0.85,0.7547],[0.875,0.7387],[0.9,0.7227],[0.925,0.7066],[0.95,0.6904],[0.975,0.6743],[1.0,0.6581]]"
Model_0001_5Story_X2Bay_Y4Bay_C25_Col40x40_Beam25x50_RhoC010_RhoBT008_RhoBB008_PushD035_SoilZE_Raft050_RhoR040_Slab018_RhoS040,X,examples\sample_metadata\sample_0008_metadata.json,5,17.5,2,4,C25,40x40,25x50,0.01,0.008,0.008,no,0,ZE,12000,0.035,0.6125,LS-CP,3,column,26,0,envelope_monotonic_estimate,22,Envelope Max/Min result rows are converted to a monotonic capacity estimate when SAP2000 does not return saved nonlinear states.,28907.2,3268.21,0.573048,0.6125,3152.63,0.964634,1695.87,0.847178,0.0668535,9.16182,5147.15,0.178057,"[[0.0,0.0],[0.025,0.1376],[0.05,0.2752],[0.075,0.4129],[0.1,0.5505],[0.125,0.6758],[0.15,0.7347],[0.175,0.7855],[0.2,0.8228],[0.225,0.8407],[0.25,0.8577],[0.275,0.8645],[0.3,0.8712],[0.325,0.8779],[0.35,0.8847],[0.375,0.8913],[0.4,0.898],[0.425,0.9046],[0.45,0.9112],[0.475,0.9166],[0.5,0.922],[0.525,0.9274],[0.55,0.9328],[0.575,0.9373],[0.6,0.9418],[0.625,0.9462],[0.65,0.9507],[0.675,0.9552],[0.7,0.9597],[0.725,0.9642],[0.75,0.9687],[0.775,0.9731],[0.8,0.9776],[0.825,0.982],[0.85,0.9865],[0.875,0.9907],[0.9,0.9949],[0.925,0.9989],[0.95,0.9924],[0.975,0.9785],[1.0,0.9646]]"
Model_0001_5Story_X2Bay_Y4Bay_C25_Col40x40_Beam25x50_RhoC010_RhoBT008_RhoBB008_PushD035_SoilZE_Raft050_RhoR040_Slab018_RhoS040,Y,examples\sample_metadata\sample_0008_metadata.json,5,17.5,2,4,C25,40x40,25x50,0.01,0.008,0.008,no,0,ZE,12000,0.035,0.6125,LS-CP,3,column,47,0,envelope_monotonic_estimate,28,Envelope Max/Min result rows are converted to a monotonic capacity estimate when SAP2000 does not return saved nonlinear states.,32924.4,3272.52,0.555721,0.6125,3089.15,0.943966,1716.9,0.856559,0.0595121,10.292,5043.51,0.153184,"[[0.0,0.0],[0.025,0.1544],[0.05,0.3088],[0.075,0.4631],[0.1,0.6175],[0.125,0.7111],[0.15,0.7826],[0.175,0.8145],[0.2,0.8299],[0.225,0.8454],[0.25,0.8609],[0.275,0.8702],[0.3,0.8769],[0.325,0.8837],[0.35,0.8904],[0.375,0.8971],[0.4,0.9038],[0.425,0.9105],[0.45,0.9172],[0.475,0.9224],[0.5,0.9271],[0.525,0.9318],[0.55,0.9365],[0.575,0.941],[0.6,0.9455],[0.625,0.95],[0.65,0.9546],[0.675,0.9591],[0.7,0.9636],[0.725,0.9681],[0.75,0.9726],[0.775,0.977],[0.8,0.9815],[0.825,0.9859],[0.85,0.9904],[0.875,0.9946],[0.9,0.9988],[0.925,0.9955],[0.95,0.9783],[0.975,0.9611],[1.0,0.944]]"
Model_0001_5Story_X2Bay_Y4Bay_C25_Col40x40_Beam25x50_RhoC010_RhoBT008_RhoBB008_PushD035_SoilZE_Raft050_RhoR040_Slab018_RhoS040_WallT030_L200,X,examples\sample_metadata\sample_0009_metadata.json,5,17.5,2,4,C25,40x40,25x50,0.01,0.008,0.008,yes,12,ZE,12000,0.035,0.6125,LS-CP,3,column,18,0,envelope_monotonic_estimate,27,Envelope Max/Min result rows are converted to a monotonic capacity estimate when SAP2000 does not return saved nonlinear states.,35069.1,3239.41,0.333834,0.6125,2059.52,0.635769,1645.85,0.829504,0.0502932,12.1786,3362.48,0.0958815,"[[0.0,0.0],[0.025,0.1827],[0.05,0.3654],[0.075,0.548],[0.1,0.7216],[0.125,0.8191],[0.15,0.8583],[0.175,0.8672],[0.2,0.876],[0.225,0.8849],[0.25,0.8938],[0.275,0.9027],[0.3,0.9116],[0.325,0.9205],[0.35,0.9294],[0.375,0.9384],[0.4,0.9474],[0.425,0.9564],[0.45,0.9654],[0.475,0.9745],[0.5,0.9836],[0.525,0.9927],[0.55,0.9989],[0.575,0.9936],[0.6,0.9882],[0.625,0.9829],[0.65,0.9738],[0.675,0.9498],[0.7,0.9258],[0.725,0.9018],[0.75,0.8778],[0.775,0.8537],[0.8,0.8296],[0.825,0.8055],[0.85,0.7813],[0.875,0.7571],[0.9,0.7329],[0.925,0.7087],[0.95,0.6844],[0.975,0.6601],[1.0,0.6358]]"
Model_0001_5Story_X2Bay_Y4Bay_C25_Col40x40_Beam25x50_RhoC010_RhoBT008_RhoBB008_PushD035_SoilZE_Raft050_RhoR040_Slab018_RhoS040_WallT030_L200,Y,examples\sample_metadata\sample_0009_metadata.json,5,17.5,2,4,C25,40x40,25x50,0.01,0.008,0.008,yes,12,ZE,12000,0.035,0.6125,LS-CP,3,column,19,0,envelope_monotonic_estimate,50,Envelope Max/Min result rows are converted to a monotonic capacity estimate when SAP2000 does not return saved nonlinear states.,45232.6,3275.03,0.334693,0.6125,1995.86,0.609418,1655.12,0.825102,0.0406292,15.0754,3258.55,0.0720397,"[[0.0,0.0],[0.025,0.2261],[0.05,0.4523],[0.075,0.6784],[0.1,0.8148],[0.125,0.837],[0.15,0.8574],[0.175,0.8663],[0.2,0.8751],[0.225,0.884],[0.25,0.8929],[0.275,0.9018],[0.3,0.9108],[0.325,0.9197],[0.35,0.9287],[0.375,0.9377],[0.4,0.9468],[0.425,0.9558],[0.45,0.9648],[0.475,0.974],[0.5,0.9831],[0.525,0.9922],[0.55,0.9978],[0.575,0.9824],[0.6,0.967],[0.625,0.9516],[0.65,0.9352],[0.675,0.912],[0.7,0.8889],[0.725,0.8658],[0.75,0.8426],[0.775,0.8194],[0.8,0.7962],[0.825,0.773],[0.85,0.7498],[0.875,0.7264],[0.9,0.7031],[0.925,0.6798],[0.95,0.6564],[0.975,0.6329],[1.0,0.6094]]"
Model_0001_6Story_X5Bay_Y2Bay_C40_Col70x70_Beam35x60_RhoC015_RhoBT020_RhoBB012_PushD035_SoilZE_Raft060_RhoR050_Slab015_RhoS040_WallT025_L350,X,examples\sample_metadata\sample_0010_metadata.json,6,19.8,5,2,C40,70x70,35x60,0.015,0.02,0.012,yes,21,ZE,12000,0.035,0.693,LS-CP,3,column,18,0,envelope_monotonic_estimate,38,Envelope Max/Min result rows are converted to a monotonic capacity estimate when SAP2000 does not return saved nonlinear states.,195031,27431.2,0.426698,0.693,4843.52,0.17657,13959.1,0.734308,0.0898956,7.70894,6989.2,0.0358363,"[[0.0,0.0],[0.025,0.1241],[0.05,0.2482],[0.075,0.3724],[0.1,0.4965],[0.125,0.588],[0.15,0.6515],[0.175,0.707],[0.2,0.7487],[0.225,0.7903],[0.25,0.832],[0.275,0.8638],[0.3,0.8786],[0.325,0.8914],[0.35,0.9007],[0.375,0.91],[0.4,0.9193],[0.425,0.9286],[0.45,0.938],[0.475,0.9473],[0.5,0.9566],[0.525,0.966],[0.55,0.9753],[0.575,0.9847],[0.6,0.9941],[0.625,0.9979],[0.65,0.9924],[0.675,0.9868],[0.7,0.9813],[0.725,0.9531],[0.75,0.8864],[0.775,0.8198],[0.8,0.7532],[0.825,0.6846],[0.85,0.6128],[0.875,0.5409],[0.9,0.469],[0.925,0.3966],[0.95,0.3233],[0.975,0.2499],[1.0,0.1766]]"
Model_0001_6Story_X5Bay_Y2Bay_C40_Col70x70_Beam35x60_RhoC015_RhoBT020_RhoBB012_PushD035_SoilZE_Raft060_RhoR050_Slab015_RhoS040_WallT025_L350,Y,examples\sample_metadata\sample_0010_metadata.json,6,19.8,5,2,C40,70x70,35x60,0.015,0.02,0.012,yes,21,ZE,12000,0.035,0.693,IO-LS,2,column,0,0,envelope_monotonic_estimate,14,Envelope Max/Min result rows are converted to a monotonic capacity estimate when SAP2000 does not return saved nonlinear states.,81827.6,26960.1,0.693,0.693,26960.1,1,12540.5,0.671212,0.242979,2.8521,38903.4,0.475431,"[[0.0,0.0],[0.025,0.0525],[0.05,0.105],[0.075,0.1574],[0.1,0.2099],[0.125,0.2627],[0.15,0.3155],[0.175,0.3682],[0.2,0.4061],[0.225,0.4417],[0.25,0.4773],[0.275,0.513],[0.3,0.5427],[0.325,0.571],[0.35,0.5993],[0.375,0.6276],[0.4,0.6559],[0.425,0.6831],[0.45,0.7048],[0.475,0.7265],[0.5,0.7482],[0.525,0.7697],[0.55,0.7899],[0.575,0.8102],[0.6,0.8304],[0.625,0.8499],[0.65,0.8661],[0.675,0.8823],[0.7,0.8985],[0.725,0.9132],[0.75,0.9211],[0.775,0.929],[0.8,0.9369],[0.825,0.9448],[0.85,0.9527],[0.875,0.9606],[0.9,0.9685],[0.925,0.9764],[0.95,0.9843],[0.975,0.9921],[1.0,1.0]]"
Model_0001_6Story_X5Bay_Y3Bay_C35_Col50x50_Beam25x50_RhoC030_RhoBT005_RhoBB008_PushD025_SoilZB_Raft060_RhoR050_Slab021_RhoS020_WallT030_L200,X,examples\sample_metadata\sample_0011_metadata.json,6,18,5,3,C35,50x50,25x50,0.03,0.005,0.008,yes,14.4,ZB,80000,0.025,0.45,LS-CP,3,column,14,0,envelope_monotonic_estimate,12,Envelope Max/Min result rows are converted to a monotonic capacity estimate when SAP2000 does not return saved nonlinear states.,176748,29900.5,0.444249,0.45,29869.6,0.998965,9917.25,0.737054,0.116056,3.87742,66376.9,0.375545,"[[0.0,0.0],[0.025,0.0738],[0.05,0.1432],[0.075,0.206],[0.1,0.2688],[0.125,0.3315],[0.15,0.3892],[0.175,0.438],[0.2,0.4869],[0.225,0.5357],[0.25,0.5846],[0.275,0.6334],[0.3,0.6737],[0.325,0.7057],[0.35,0.7378],[0.375,0.7699],[0.4,0.796],[0.425,0.8165],[0.45,0.8369],[0.475,0.8574],[0.5,0.8708],[0.525,0.8775],[0.55,0.8842],[0.575,0.891],[0.6,0.8977],[0.625,0.9044],[0.65,0.9111],[0.675,0.9178],[0.7,0.9245],[0.725,0.9312],[0.75,0.9379],[0.775,0.9446],[0.8,0.9514],[0.825,0.9581],[0.85,0.9648],[0.875,0.9715],[0.9,0.9781],[0.925,0.9843],[0.95,0.9906],[0.975,0.9969],[1.0,0.999]]"
Model_0001_6Story_X5Bay_Y3Bay_C35_Col50x50_Beam25x50_RhoC030_RhoBT005_RhoBB008_PushD025_SoilZB_Raft060_RhoR050_Slab021_RhoS020_WallT030_L200,Y,examples\sample_metadata\sample_0011_metadata.json,6,18,5,3,C35,50x50,25x50,0.03,0.005,0.008,yes,14.4,ZB,80000,0.025,0.45,LS-CP,3,column,19,0,envelope_monotonic_estimate,12,Envelope Max/Min result rows are converted to a monotonic capacity estimate when SAP2000 does not return saved nonlinear states.,165653,29897,0.45,0.45,29897,1,9772.37,0.726373,0.121656,3.69895,66437.8,0.401066,"[[0.0,0.0],[0.025,0.0694],[0.05,0.1347],[0.075,0.1935],[0.1,0.2524],[0.125,0.3113],[0.15,0.3682],[0.175,0.4178],[0.2,0.4674],[0.225,0.5169],[0.25,0.5665],[0.275,0.6068],[0.3,0.6436],[0.325,0.6803],[0.35,0.717],[0.375,0.7479],[0.4,0.7765],[0.425,0.805],[0.45,0.8336],[0.475,0.8488],[0.5,0.8588],[0.525,0.8688],[0.55,0.8788],[0.575,0.8864],[0.6,0.8931],[0.625,0.8999],[0.65,0.9066],[0.675,0.9133],[0.7,0.9201],[0.725,0.9268],[0.75,0.9335],[0.775,0.9403],[0.8,0.947],[0.825,0.9538],[0.85,0.9605],[0.875,0.9672],[0.9,0.974],[0.925,0.9807],[0.95,0.9875],[0.975,0.9938],[1.0,1.0]]"
Model_0001_8Story_X2Bay_Y2Bay_C30_Col70x70_Beam35x60_RhoC030_RhoBT008_RhoBB012_PushD035_SoilZE_Raft080_RhoR025_Slab023_RhoS025_WallT030_L300,X,examples\sample_metadata\sample_0012_metadata.json,8,27.2,2,2,C30,70x70,35x60,0.03,0.008,0.012,yes,28.8,ZE,12000,0.035,0.952,LS-CP,3,column,1,0,envelope_monotonic_estimate,11,Envelope Max/Min result rows are converted to a monotonic capacity estimate when SAP2000 does not return saved nonlinear states.,41211.7,25387.9,0.952,0.952,25387.9,1,14240.8,0.58921,0.455152,2.09161,26668,0.647098,"[[0.0,0.0],[0.025,0.0386],[0.05,0.0772],[0.075,0.1158],[0.1,0.1544],[0.125,0.1932],[0.15,0.2301],[0.175,0.2657],[0.2,0.3013],[0.225,0.337],[0.25,0.3681],[0.275,0.3961],[0.3,0.4242],[0.325,0.4522],[0.35,0.4802],[0.375,0.5082],[0.4,0.5309],[0.425,0.553],[0.45,0.5751],[0.475,0.5973],[0.5,0.6195],[0.525,0.6417],[0.55,0.664],[0.575,0.6862],[0.6,0.7087],[0.625,0.7312],[0.65,0.7537],[0.675,0.7762],[0.7,0.7986],[0.725,0.821],[0.75,0.8434],[0.775,0.8657],[0.8,0.886],[0.825,0.906],[0.85,0.926],[0.875,0.946],[0.9,0.9575],[0.925,0.9681],[0.95,0.9787],[0.975,0.9894],[1.0,1.0]]"
Model_0001_8Story_X2Bay_Y2Bay_C30_Col70x70_Beam35x60_RhoC030_RhoBT008_RhoBB012_PushD035_SoilZE_Raft080_RhoR025_Slab023_RhoS025_WallT030_L300,Y,examples\sample_metadata\sample_0012_metadata.json,8,27.2,2,2,C30,70x70,35x60,0.03,0.008,0.012,yes,28.8,ZE,12000,0.035,0.952,LS-CP,3,column,1,0,envelope_monotonic_estimate,12,Envelope Max/Min result rows are converted to a monotonic capacity estimate when SAP2000 does not return saved nonlinear states.,40176.9,25623.9,0.952,0.952,25623.9,1,14383.4,0.58963,0.455089,2.0919,26915.9,0.669933,"[[0.0,0.0],[0.025,0.0373],[0.05,0.0746],[0.075,0.1119],[0.1,0.1492],[0.125,0.1863],[0.15,0.2219],[0.175,0.2575],[0.2,0.2931],[0.225,0.3283],[0.25,0.361],[0.275,0.3937],[0.3,0.4264],[0.325,0.4576],[0.35,0.4809],[0.375,0.5041],[0.4,0.5274],[0.425,0.5507],[0.45,0.5739],[0.475,0.5972],[0.5,0.6203],[0.525,0.6434],[0.55,0.6665],[0.575,0.6896],[0.6,0.713],[0.625,0.7363],[0.65,0.7597],[0.675,0.7831],[0.7,0.806],[0.725,0.829],[0.75,0.8519],[0.775,0.8745],[0.8,0.893],[0.825,0.9114],[0.85,0.9299],[0.875,0.9478],[0.9,0.9582],[0.925,0.9686],[0.95,0.9791],[0.975,0.9895],[1.0,1.0]]"
Model_0001_8Story_X2Bay_Y4Bay_C25_Col40x40_Beam25x50_RhoC010_RhoBT008_RhoBB008_PushD035_SoilZE_Raft050_RhoR040_Slab018_RhoS040,X,examples\sample_metadata\sample_0013_metadata.json,8,28,2,4,C25,40x40,25x50,0.01,0.008,0.008,no,0,ZE,12000,0.035,0.98,LS-CP,3,column,37,0,envelope_monotonic_estimate,19,Envelope Max/Min result rows are converted to a monotonic capacity estimate when SAP2000 does not return saved nonlinear states.,15168.4,3262.78,0.891758,0.98,2872.7,0.880444,2654.26,0.830096,0.128285,7.63924,2931.32,0.193252,"[[0.0,0.0],[0.025,0.1155],[0.05,0.231],[0.075,0.3464],[0.1,0.4619],[0.125,0.5757],[0.15,0.6734],[0.175,0.7281],[0.2,0.7828],[0.225,0.81],[0.25,0.8364],[0.275,0.8486],[0.3,0.8604],[0.325,0.8722],[0.35,0.884],[0.375,0.8903],[0.4,0.8964],[0.425,0.9025],[0.45,0.9087],[0.475,0.9147],[0.5,0.9207],[0.525,0.9267],[0.55,0.9327],[0.575,0.9378],[0.6,0.9429],[0.625,0.948],[0.65,0.9531],[0.675,0.9577],[0.7,0.9623],[0.725,0.9669],[0.75,0.9715],[0.775,0.976],[0.8,0.9806],[0.825,0.9851],[0.85,0.9896],[0.875,0.9941],[0.9,0.9985],[0.925,0.9904],[0.95,0.9606],[0.975,0.9205],[1.0,0.8804]]"
Model_0001_8Story_X2Bay_Y4Bay_C25_Col40x40_Beam25x50_RhoC010_RhoBT008_RhoBB008_PushD035_SoilZE_Raft050_RhoR040_Slab018_RhoS040,Y,examples\sample_metadata\sample_0013_metadata.json,8,28,2,4,C25,40x40,25x50,0.01,0.008,0.008,no,0,ZE,12000,0.035,0.98,LS-CP,3,column,114,0,envelope_monotonic_estimate,20,Envelope Max/Min result rows are converted to a monotonic capacity estimate when SAP2000 does not return saved nonlinear states.,18647.7,3264.38,0.86359,0.98,2667.61,0.817188,2699.78,0.843922,0.104991,9.33412,2722.05,0.145973,"[[0.0,0.0],[0.025,0.1401],[0.05,0.2801],[0.075,0.4202],[0.1,0.5603],[0.125,0.6677],[0.15,0.7457],[0.175,0.7945],[0.2,0.8148],[0.225,0.8351],[0.25,0.8554],[0.275,0.8694],[0.3,0.8772],[0.325,0.885],[0.35,0.8928],[0.375,0.8997],[0.4,0.9057],[0.425,0.9118],[0.45,0.9178],[0.475,0.9237],[0.5,0.9295],[0.525,0.9352],[0.55,0.941],[0.575,0.9462],[0.6,0.9509],[0.625,0.9556],[0.65,0.9603],[0.675,0.9649],[0.7,0.9695],[0.725,0.9741],[0.75,0.9786],[0.775,0.9832],[0.8,0.9877],[0.825,0.9923],[0.85,0.9969],[0.875,0.9997],[0.9,0.972],[0.925,0.9347],[0.95,0.8973],[0.975,0.86],[1.0,0.8172]]"
Model_0001_8Story_X2Bay_Y4Bay_C25_Col40x40_Beam25x50_RhoC010_RhoBT008_RhoBB008_PushD035_SoilZE_Raft050_RhoR040_Slab018_RhoS040_WallT030_L200,X,examples\sample_metadata\sample_0014_metadata.json,8,28,2,4,C25,40x40,25x50,0.01,0.008,0.008,yes,19.2,ZE,12000,0.035,0.98,LS-CP,3,column,18,0,envelope_monotonic_estimate,45,Envelope Max/Min result rows are converted to a monotonic capacity estimate when SAP2000 does not return saved nonlinear states.,19017.7,3232.45,0.467826,0.98,114.374,0.035383,2043.53,0.645092,0.10054,9.74739,116.708,0.00613682,"[[0.0,0.0],[0.025,0.1462],[0.05,0.2924],[0.075,0.4386],[0.1,0.5848],[0.125,0.7203],[0.15,0.7911],[0.175,0.8581],[0.2,0.8768],[0.225,0.8903],[0.25,0.9039],[0.275,0.9175],[0.3,0.9312],[0.325,0.9449],[0.35,0.9586],[0.375,0.9723],[0.4,0.9796],[0.425,0.9862],[0.45,0.9928],[0.475,0.9994],[0.5,0.96],[0.525,0.9158],[0.55,0.8715],[0.575,0.8273],[0.6,0.7825],[0.625,0.7376],[0.65,0.6927],[0.675,0.6478],[0.7,0.6022],[0.725,0.5565],[0.75,0.5108],[0.775,0.4652],[0.8,0.4185],[0.825,0.3716],[0.85,0.3248],[0.875,0.278],[0.9,0.2298],[0.925,0.1815],[0.95,0.1331],[0.975,0.0848],[1.0,0.0354]]"
Model_0001_8Story_X2Bay_Y4Bay_C25_Col40x40_Beam25x50_RhoC010_RhoBT008_RhoBB008_PushD035_SoilZE_Raft050_RhoR040_Slab018_RhoS040_WallT030_L200,Y,examples\sample_metadata\sample_0014_metadata.json,8,28,2,4,C25,40x40,25x50,0.01,0.008,0.008,yes,19.2,ZE,12000,0.035,0.98,LS-CP,3,column,15,0,envelope_monotonic_estimate,16,Envelope Max/Min result rows are converted to a monotonic capacity estimate when SAP2000 does not return saved nonlinear states.,26290.3,3286.01,0.397615,0.397615,3286.01,1,1024.95,0.784459,0.0749593,5.30441,8264.31,0.314349,"[[0.0,0.0],[0.025,0.0796],[0.05,0.1591],[0.075,0.2387],[0.1,0.3183],[0.125,0.3978],[0.15,0.4774],[0.175,0.557],[0.2,0.6365],[0.225,0.7104],[0.25,0.7718],[0.275,0.8175],[0.3,0.8426],[0.325,0.8482],[0.35,0.8537],[0.375,0.8593],[0.4,0.8648],[0.425,0.8704],[0.45,0.8759],[0.475,0.8815],[0.5,0.8871],[0.525,0.8926],[0.55,0.8982],[0.575,0.9038],[0.6,0.9094],[0.625,0.9151],[0.65,0.9207],[0.675,0.9263],[0.7,0.9319],[0.725,0.9375],[0.75,0.9432],[0.775,0.9488],[0.8,0.9544],[0.825,0.9601],[0.85,0.9658],[0.875,0.9715],[0.9,0.9772],[0.925,0.9829],[0.95,0.9886],[0.975,0.9943],[1.0,1.0]]"
Model_0001_9Story_X2Bay_Y2Bay_C40_Col50x50_Beam35x60_RhoC025_RhoBT016_RhoBB016_PushD040_SoilZB_Raft070_RhoR020_Slab018_RhoS040,X,examples\sample_metadata\sample_0015_metadata.json,9,27,2,2,C40,50x50,35x60,0.025,0.016,0.016,no,0,ZB,80000,0.04,1.08,LS-CP,3,column,14,0,envelope_monotonic_estimate,23,Envelope Max/Min result rows are converted to a monotonic capacity estimate when SAP2000 does not return saved nonlinear states.,31848.6,10907.9,1.08,1.08,10907.9,1,8931.33,0.758143,0.215142,5.01994,10099.9,0.317122,"[[0.0,0.0],[0.025,0.0797],[0.05,0.1594],[0.075,0.2391],[0.1,0.3188],[0.125,0.3986],[0.15,0.4783],[0.175,0.5487],[0.2,0.6014],[0.225,0.6457],[0.25,0.6742],[0.275,0.6951],[0.3,0.7161],[0.325,0.7371],[0.35,0.7581],[0.375,0.779],[0.4,0.7975],[0.425,0.812],[0.45,0.8265],[0.475,0.841],[0.5,0.8543],[0.525,0.8657],[0.55,0.8772],[0.575,0.8886],[0.6,0.899],[0.625,0.9076],[0.65,0.9163],[0.675,0.9249],[0.7,0.9326],[0.725,0.9387],[0.75,0.9449],[0.775,0.951],[0.8,0.957],[0.825,0.9627],[0.85,0.9685],[0.875,0.9742],[0.9,0.9797],[0.925,0.9848],[0.95,0.9899],[0.975,0.9949],[1.0,1.0]]"
Model_0001_9Story_X2Bay_Y2Bay_C40_Col50x50_Beam35x60_RhoC025_RhoBT016_RhoBB016_PushD040_SoilZB_Raft070_RhoR020_Slab018_RhoS040,Y,examples\sample_metadata\sample_0015_metadata.json,9,27,2,2,C40,50x50,35x60,0.025,0.016,0.016,no,0,ZB,80000,0.04,1.08,LS-CP,3,column,10,0,envelope_monotonic_estimate,23,Envelope Max/Min result rows are converted to a monotonic capacity estimate when SAP2000 does not return saved nonlinear states.,31127.8,10150,1.08,1.08,10150,1,8125.06,0.741203,0.211906,5.09659,9398.14,0.301921,"[[0.0,0.0],[0.025,0.0828],[0.05,0.1656],[0.075,0.2484],[0.1,0.3312],[0.125,0.414],[0.15,0.4931],[0.175,0.5509],[0.2,0.6074],[0.225,0.6399],[0.25,0.6626],[0.275,0.682],[0.3,0.7014],[0.325,0.7209],[0.35,0.7391],[0.375,0.7522],[0.4,0.7654],[0.425,0.7786],[0.45,0.7914],[0.475,0.803],[0.5,0.8147],[0.525,0.8263],[0.55,0.8378],[0.575,0.8486],[0.6,0.8594],[0.625,0.8703],[0.65,0.8809],[0.675,0.8909],[0.7,0.9008],[0.725,0.9108],[0.75,0.9204],[0.775,0.9289],[0.8,0.9373],[0.825,0.9458],[0.85,0.9541],[0.875,0.9618],[0.9,0.9696],[0.925,0.9774],[0.95,0.9851],[0.975,0.9925],[1.0,1.0]]"
Model_0002_10Story_X4Bay_Y3Bay_C35_Col50x50_Beam35x60_RhoC010_RhoBT008_RhoBB008_PushD030_SoilZE_Raft090_RhoR035_Slab024_RhoS030,X,examples\sample_metadata\sample_0016_metadata.json,10,30,4,3,C35,50x50,35x60,0.01,0.008,0.008,no,0,ZE,12000,0.03,0.9,LS-CP,3,column,77,0,envelope_monotonic_estimate,36,Envelope Max/Min result rows are converted to a monotonic capacity estimate when SAP2000 does not return saved nonlinear states.,70852.8,8370.73,0.831911,0.9,6106.52,0.729509,6497.6,0.862476,0.0688402,13.0738,6785.03,0.0957622,"[[0.0,0.0],[0.025,0.1962],[0.05,0.3925],[0.075,0.5887],[0.1,0.6983],[0.125,0.7774],[0.15,0.813],[0.175,0.8298],[0.2,0.8467],[0.225,0.8635],[0.25,0.8731],[0.275,0.8796],[0.3,0.886],[0.325,0.8925],[0.35,0.8981],[0.375,0.9034],[0.4,0.9087],[0.425,0.914],[0.45,0.9189],[0.475,0.9237],[0.5,0.9285],[0.525,0.9332],[0.55,0.9379],[0.575,0.9426],[0.6,0.9473],[0.625,0.952],[0.65,0.9563],[0.675,0.9605],[0.7,0.9647],[0.725,0.9688],[0.75,0.9729],[0.775,0.9768],[0.8,0.9807],[0.825,0.9847],[0.85,0.9885],[0.875,0.9924],[0.9,0.9963],[0.925,0.9985],[0.95,0.9088],[0.975,0.8192],[1.0,0.7295]]"
Model_0002_10Story_X4Bay_Y3Bay_C35_Col50x50_Beam35x60_RhoC010_RhoBT008_RhoBB008_PushD030_SoilZE_Raft090_RhoR035_Slab024_RhoS030,Y,examples\sample_metadata\sample_0016_metadata.json,10,30,4,3,C35,50x50,35x60,0.01,0.008,0.008,no,0,ZE,12000,0.03,0.9,LS-CP,3,column,51,0,envelope_monotonic_estimate,47,Envelope Max/Min result rows are converted to a monotonic capacity estimate when SAP2000 does not return saved nonlinear states.,60609.5,8370.69,0.838263,0.9,6110.62,0.730002,6440.15,0.854855,0.0813604,11.0619,6789.57,0.112022,"[[0.0,0.0],[0.025,0.1665],[0.05,0.333],[0.075,0.4996],[0.1,0.6477],[0.125,0.7311],[0.15,0.8066],[0.175,0.8231],[0.2,0.8395],[0.225,0.856],[0.25,0.8712],[0.275,0.8778],[0.3,0.8843],[0.325,0.8909],[0.35,0.8973],[0.375,0.9023],[0.4,0.9073],[0.425,0.9123],[0.45,0.9173],[0.475,0.9221],[0.5,0.927],[0.525,0.9319],[0.55,0.9367],[0.575,0.9414],[0.6,0.946],[0.625,0.9507],[0.65,0.9552],[0.675,0.9592],[0.7,0.9632],[0.725,0.9672],[0.75,0.9712],[0.775,0.9752],[0.8,0.9792],[0.825,0.9832],[0.85,0.9872],[0.875,0.9911],[0.9,0.9951],[0.925,0.999],[0.95,0.9313],[0.975,0.8307],[1.0,0.73]]"
Model_0002_5Story_X2Bay_Y4Bay_C35_Col55x55_Beam35x60_RhoC015_RhoBT012_RhoBB012_PushD020_SoilZE_Raft100_RhoR025_Slab022_RhoS020_WallT025_L150,X,examples\sample_metadata\sample_0017_metadata.json,5,17,2,4,C35,55x55,35x60,0.015,0.012,0.012,yes,7.5,ZE,12000,0.02,0.34,LS-CP,3,column,1,0,envelope_monotonic_estimate,15,Envelope Max/Min result rows are converted to a monotonic capacity estimate when SAP2000 does not return saved nonlinear states.,75166.2,12302.6,0.34,0.34,12302.6,1,2999.57,0.717107,0.0988557,3.43936,36184.1,0.481388,"[[0.0,0.0],[0.025,0.0519],[0.05,0.1038],[0.075,0.1557],[0.1,0.2076],[0.125,0.2595],[0.15,0.3115],[0.175,0.3634],[0.2,0.4154],[0.225,0.4674],[0.25,0.5194],[0.275,0.5703],[0.3,0.6174],[0.325,0.6533],[0.35,0.6875],[0.375,0.7217],[0.4,0.7559],[0.425,0.7857],[0.45,0.8124],[0.475,0.839],[0.5,0.8657],[0.525,0.8896],[0.55,0.8987],[0.575,0.9079],[0.6,0.917],[0.625,0.9255],[0.65,0.9305],[0.675,0.9354],[0.7,0.9403],[0.725,0.9453],[0.75,0.9502],[0.775,0.9552],[0.8,0.9602],[0.825,0.9651],[0.85,0.9701],[0.875,0.9751],[0.9,0.98],[0.925,0.985],[0.95,0.99],[0.975,0.995],[1.0,1.0]]"
Model_0002_5Story_X2Bay_Y4Bay_C35_Col55x55_Beam35x60_RhoC015_RhoBT012_RhoBB012_PushD020_SoilZE_Raft100_RhoR025_Slab022_RhoS020_WallT025_L150,Y,examples\sample_metadata\sample_0017_metadata.json,5,17,2,4,C35,55x55,35x60,0.015,0.012,0.012,yes,7.5,ZE,12000,0.02,0.34,LS-CP,3,column,11,0,envelope_monotonic_estimate,18,Envelope Max/Min result rows are converted to a monotonic capacity estimate when SAP2000 does not return saved nonlinear states.,134002,12896,0.34,0.34,12896,1,3496.09,0.79735,0.0579117,5.87101,37929.4,0.283051,"[[0.0,0.0],[0.025,0.0884],[0.05,0.1768],[0.075,0.2653],[0.1,0.3537],[0.125,0.4421],[0.15,0.5305],[0.175,0.615],[0.2,0.6791],[0.225,0.7342],[0.25,0.7721],[0.275,0.8003],[0.3,0.8286],[0.325,0.8569],[0.35,0.8701],[0.375,0.8751],[0.4,0.88],[0.425,0.885],[0.45,0.8899],[0.475,0.8949],[0.5,0.8999],[0.525,0.9049],[0.55,0.9098],[0.575,0.9148],[0.6,0.9198],[0.625,0.9248],[0.65,0.9298],[0.675,0.9348],[0.7,0.9398],[0.725,0.9448],[0.75,0.9498],[0.775,0.9548],[0.8,0.9598],[0.825,0.9648],[0.85,0.9698],[0.875,0.9749],[0.9,0.9799],[0.925,0.9849],[0.95,0.9899],[0.975,0.995],[1.0,1.0]]"
Model_0002_5Story_X4Bay_Y2Bay_C40_Col50x50_Beam30x50_RhoC015_RhoBT020_RhoBB016_PushD015_SoilZA_Raft050_RhoR025_Slab025_RhoS025,X,examples\sample_metadata\sample_0018_metadata.json,5,17,4,2,C40,50x50,30x50,0.015,0.02,0.016,no,0,ZA,120000,0.015,0.255,IO-LS,2,column,0,0,envelope_monotonic_estimate,13,Envelope Max/Min result rows are converted to a monotonic capacity estimate when SAP2000 does not return saved nonlinear states.,96168,9018.77,0.255,0.255,9018.77,1,1797.98,0.781804,0.0562691,4.5318,35367.7,0.36777,"[[0.0,0.0],[0.025,0.068],[0.05,0.136],[0.075,0.2039],[0.1,0.2719],[0.125,0.3399],[0.15,0.4079],[0.175,0.4758],[0.2,0.5438],[0.225,0.6118],[0.25,0.6788],[0.275,0.7343],[0.3,0.7818],[0.325,0.8119],[0.35,0.842],[0.375,0.872],[0.4,0.8915],[0.425,0.9036],[0.45,0.9157],[0.475,0.9278],[0.5,0.935],[0.525,0.9387],[0.55,0.9424],[0.575,0.946],[0.6,0.9496],[0.625,0.9531],[0.65,0.9565],[0.675,0.96],[0.7,0.9633],[0.725,0.9665],[0.75,0.9697],[0.775,0.9729],[0.8,0.976],[0.825,0.9791],[0.85,0.9822],[0.875,0.9853],[0.9,0.9883],[0.925,0.9913],[0.95,0.9943],[0.975,0.9972],[1.0,1.0]]"
Model_0002_5Story_X4Bay_Y2Bay_C40_Col50x50_Beam30x50_RhoC015_RhoBT020_RhoBB016_PushD015_SoilZA_Raft050_RhoR025_Slab025_RhoS025,Y,examples\sample_metadata\sample_0018_metadata.json,5,17,4,2,C40,50x50,30x50,0.015,0.02,0.016,no,0,ZA,120000,0.015,0.255,IO-LS,2,column,0,0,envelope_monotonic_estimate,12,Envelope Max/Min result rows are converted to a monotonic capacity estimate when SAP2000 does not return saved nonlinear states.,90044.8,8956.69,0.255,0.255,8956.69,1,1752.91,0.767489,0.0596822,4.27263,35124.3,0.390076,"[[0.0,0.0],[0.025,0.0641],[0.05,0.1282],[0.075,0.1923],[0.1,0.2564],[0.125,0.3205],[0.15,0.3846],[0.175,0.4486],[0.2,0.5127],[0.225,0.5768],[0.25,0.6388],[0.275,0.6902],[0.3,0.7416],[0.325,0.775],[0.35,0.7993],[0.375,0.8236],[0.4,0.8479],[0.425,0.8723],[0.45,0.8966],[0.475,0.9111],[0.5,0.9207],[0.525,0.9303],[0.55,0.9399],[0.575,0.9454],[0.6,0.949],[0.625,0.9525],[0.65,0.956],[0.675,0.9594],[0.7,0.9626],[0.725,0.9658],[0.75,0.9691],[0.775,0.9722],[0.8,0.9754],[0.825,0.9785],[0.85,0.9817],[0.875,0.9848],[0.9,0.9878],[0.925,0.9909],[0.95,0.994],[0.975,0.997],[1.0,1.0]]"
Model_0002_5Story_X4Bay_Y2Bay_C40_Col50x50_Beam30x50_RhoC015_RhoBT020_RhoBB016_PushD015_SoilZA_Raft050_RhoR025_Slab025_RhoS025_WallT030_L350,X,examples\sample_metadata\sample_0019_metadata.json,5,17,4,2,C40,50x50,30x50,0.015,0.02,0.016,yes,21,ZA,120000,0.015,0.255,IO-LS,2,column,0,0,envelope_monotonic_estimate,19,Envelope Max/Min result rows are converted to a monotonic capacity estimate when SAP2000 does not return saved nonlinear states.,187108,9525.47,0.255,0.255,9525.47,1,2054.24,0.845718,0.0305317,8.35198,37354.8,0.199643,"[[0.0,0.0],[0.025,0.1253],[0.05,0.2506],[0.075,0.3758],[0.1,0.5011],[0.125,0.6264],[0.15,0.7467],[0.175,0.8211],[0.2,0.862],[0.225,0.876],[0.25,0.88],[0.275,0.8839],[0.3,0.8879],[0.325,0.8918],[0.35,0.8958],[0.375,0.8997],[0.4,0.9037],[0.425,0.9077],[0.45,0.9116],[0.475,0.9156],[0.5,0.9196],[0.525,0.9236],[0.55,0.9276],[0.575,0.9316],[0.6,0.9355],[0.625,0.9395],[0.65,0.9436],[0.675,0.9476],[0.7,0.9516],[0.725,0.9556],[0.75,0.9596],[0.775,0.9636],[0.8,0.9676],[0.825,0.9717],[0.85,0.9757],[0.875,0.9797],[0.9,0.9838],[0.925,0.9878],[0.95,0.9919],[0.975,0.9959],[1.0,1.0]]"
Model_0002_5Story_X4Bay_Y2Bay_C40_Col50x50_Beam30x50_RhoC015_RhoBT020_RhoBB016_PushD015_SoilZA_Raft050_RhoR025_Slab025_RhoS025_WallT030_L350,Y,examples\sample_metadata\sample_0019_metadata.json,5,17,4,2,C40,50x50,30x50,0.015,0.02,0.016,yes,21,ZA,120000,0.015,0.255,LS-CP,3,column,4,0,envelope_monotonic_estimate,19,Envelope Max/Min result rows are converted to a monotonic capacity estimate when SAP2000 does not return saved nonlinear states.,149668,9462.16,0.255,0.255,9462.16,1,2000.4,0.82906,0.0370735,6.87823,37106.5,0.247926,"[[0.0,0.0],[0.025,0.1032],[0.05,0.2063],[0.075,0.3095],[0.1,0.4127],[0.125,0.5159],[0.15,0.619],[0.175,0.7167],[0.2,0.7938],[0.225,0.8452],[0.25,0.8777],[0.275,0.8841],[0.3,0.888],[0.325,0.892],[0.35,0.8959],[0.375,0.8999],[0.4,0.9038],[0.425,0.9078],[0.45,0.9118],[0.475,0.9157],[0.5,0.9197],[0.525,0.9237],[0.55,0.9277],[0.575,0.9317],[0.6,0.9357],[0.625,0.9396],[0.65,0.9436],[0.675,0.9476],[0.7,0.9516],[0.725,0.9556],[0.75,0.9597],[0.775,0.9637],[0.8,0.9677],[0.825,0.9717],[0.85,0.9757],[0.875,0.9798],[0.9,0.9838],[0.925,0.9879],[0.95,0.9919],[0.975,0.9959],[1.0,1.0]]"
Model_0002_5Story_X4Bay_Y2Bay_C40_Col50x50_Beam30x50_RhoC015_RhoBT020_RhoBB016_PushD020_SoilZA_Raft050_RhoR025_Slab025_RhoS025_WallT030_L350,X,examples\sample_metadata\sample_0020_metadata.json,5,17,4,2,C40,50x50,30x50,0.015,0.02,0.016,yes,21,ZA,120000,0.02,0.34,LS-CP,3,column,18,0,envelope_monotonic_estimate,36,Envelope Max/Min result rows are converted to a monotonic capacity estimate when SAP2000 does not return saved nonlinear states.,186816,9927.55,0.320835,0.320835,9927.55,1,2694.64,0.846012,0.0318209,10.0825,30942.8,0.165633,"[[0.0,0.0],[0.025,0.1512],[0.05,0.3025],[0.075,0.4537],[0.1,0.605],[0.125,0.7437],[0.15,0.8121],[0.175,0.8398],[0.2,0.8446],[0.225,0.8494],[0.25,0.8541],[0.275,0.8589],[0.3,0.8637],[0.325,0.8685],[0.35,0.8733],[0.375,0.8781],[0.4,0.8829],[0.425,0.8877],[0.45,0.8925],[0.475,0.8973],[0.5,0.9021],[0.525,0.907],[0.55,0.9118],[0.575,0.9167],[0.6,0.9215],[0.625,0.9264],[0.65,0.9312],[0.675,0.9361],[0.7,0.941],[0.725,0.9459],[0.75,0.9508],[0.775,0.9557],[0.8,0.9606],[0.825,0.9655],[0.85,0.9704],[0.875,0.9753],[0.9,0.9802],[0.925,0.9852],[0.95,0.9901],[0.975,0.9951],[1.0,1.0]]"
Model_0002_5Story_X4Bay_Y2Bay_C40_Col50x50_Beam30x50_RhoC015_RhoBT020_RhoBB016_PushD020_SoilZA_Raft050_RhoR025_Slab025_RhoS025_WallT030_L350,Y,examples\sample_metadata\sample_0020_metadata.json,5,17,4,2,C40,50x50,30x50,0.015,0.02,0.016,yes,21,ZA,120000,0.02,0.34,LS-CP,3,column,45,0,envelope_monotonic_estimate,29,Envelope Max/Min result rows are converted to a monotonic capacity estimate when SAP2000 does not return saved nonlinear states.,151867,9912.83,0.328863,0.328863,9912.83,1,2716.13,0.833178,0.0388388,8.46737,30142.7,0.198481,"[[0.0,0.0],[0.025,0.127],[0.05,0.254],[0.075,0.381],[0.1,0.508],[0.125,0.6351],[0.15,0.7445],[0.175,0.804],[0.2,0.8414],[0.225,0.8463],[0.25,0.8511],[0.275,0.856],[0.3,0.8609],[0.325,0.8658],[0.35,0.8707],[0.375,0.8755],[0.4,0.8804],[0.425,0.8853],[0.45,0.8902],[0.475,0.8952],[0.5,0.9001],[0.525,0.905],[0.55,0.9099],[0.575,0.9149],[0.6,0.9198],[0.625,0.9248],[0.65,0.9297],[0.675,0.9347],[0.7,0.9396],[0.725,0.9446],[0.75,0.9496],[0.775,0.9546],[0.8,0.9596],[0.825,0.9646],[0.85,0.9696],[0.875,0.9746],[0.9,0.9796],[0.925,0.9847],[0.95,0.9897],[0.975,0.9948],[1.0,1.0]]"
Model_0002_5Story_X5Bay_Y4Bay_C25_Col60x60_Beam35x70_RhoC010_RhoBT008_RhoBB012_PushD050_SoilZC_Raft070_RhoR050_Slab025_RhoS035_WallT030_L200,X,examples\sample_metadata\sample_0021_metadata.json,5,15.5,5,4,C25,60x60,35x70,0.01,0.008,0.012,yes,12,ZC,50000,0.05,0.775,LS-CP,3,column,19,0,envelope_monotonic_estimate,34,Envelope Max/Min result rows are converted to a monotonic capacity estimate when SAP2000 does not return saved nonlinear states.,462321,24707.1,0.305175,0.775,2.132,8.6291e-05,10442.1,0.545336,0.0296672,26.1231,2.75097,5.95034e-06,"[[0.0,0.0],[0.025,0.3918],[0.05,0.7054],[0.075,0.7969],[0.1,0.8689],[0.125,0.8818],[0.15,0.8947],[0.175,0.9076],[0.2,0.9206],[0.225,0.9336],[0.25,0.9467],[0.275,0.9598],[0.3,0.9715],[0.325,0.9791],[0.35,0.9867],[0.375,0.9943],[0.4,0.9852],[0.425,0.926],[0.45,0.8667],[0.475,0.8074],[0.5,0.748],[0.525,0.6878],[0.55,0.6277],[0.575,0.5675],[0.6,0.5072],[0.625,0.4464],[0.65,0.3856],[0.675,0.3248],[0.7,0.2637],[0.725,0.2019],[0.75,0.1401],[0.775,0.0783],[0.8,0.0299],[0.825,0.022],[0.85,0.014],[0.875,0.006],[0.9,0.0],[0.925,0.0],[0.95,0.0],[0.975,0.0],[1.0,0.0001]]"
Model_0002_5Story_X5Bay_Y4Bay_C25_Col60x60_Beam35x70_RhoC010_RhoBT008_RhoBB012_PushD050_SoilZC_Raft070_RhoR050_Slab025_RhoS035_WallT030_L200,Y,examples\sample_metadata\sample_0021_metadata.json,5,15.5,5,4,C25,60x60,35x70,0.01,0.008,0.012,yes,12,ZC,50000,0.05,0.775,LS-CP,3,column,24,0,envelope_monotonic_estimate,27,Envelope Max/Min result rows are converted to a monotonic capacity estimate when SAP2000 does not return saved nonlinear states.,434220,24827.2,0.305807,0.775,0.013,5.2362e-07,10456.6,0.543452,0.031129,24.8964,0.0167742,3.86307e-08,"[[0.0,0.0],[0.025,0.3734],[0.05,0.6851],[0.075,0.7836],[0.1,0.8635],[0.125,0.8763],[0.15,0.8891],[0.175,0.9019],[0.2,0.9148],[0.225,0.9277],[0.25,0.9407],[0.275,0.9536],[0.3,0.9657],[0.325,0.9748],[0.35,0.9838],[0.375,0.9929],[0.4,0.9872],[0.425,0.9283],[0.45,0.8694],[0.475,0.8105],[0.5,0.7513],[0.525,0.691],[0.55,0.6308],[0.575,0.5706],[0.6,0.5102],[0.625,0.4492],[0.65,0.3882],[0.675,0.3273],[0.7,0.2661],[0.725,0.2041],[0.75,0.1422],[0.775,0.0802],[0.8,0.0299],[0.825,0.022],[0.85,0.0141],[0.875,0.0062],[0.9,0.0],[0.925,0.0],[0.95,0.0],[0.975,0.0],[1.0,0.0]]"
Model_0002_7Story_X2Bay_Y2Bay_C30_Col40x40_Beam25x50_RhoC025_RhoBT005_RhoBB012_PushD025_SoilZE_Raft070_RhoR020_Slab022_RhoS040_WallT025_L300,X,examples\sample_metadata\sample_0022_metadata.json,7,21.7,2,2,C30,40x40,25x50,0.025,0.005,0.012,yes,21,ZE,12000,0.025,0.5425,LS-CP,3,column,14,0,envelope_monotonic_estimate,30,Envelope Max/Min result rows are converted to a monotonic capacity estimate when SAP2000 does not return saved nonlinear states.,32016.4,5505.24,0.453176,0.5425,5102.8,0.926899,2386.82,0.799177,0.103638,5.23456,9406.09,0.29379,"[[0.0,0.0],[0.025,0.0789],[0.05,0.1577],[0.075,0.2366],[0.1,0.3154],[0.125,0.3944],[0.15,0.473],[0.175,0.5504],[0.2,0.6277],[0.225,0.7042],[0.25,0.7592],[0.275,0.803],[0.3,0.8384],[0.325,0.8568],[0.35,0.8693],[0.375,0.8776],[0.4,0.8859],[0.425,0.8941],[0.45,0.9024],[0.475,0.9108],[0.5,0.9191],[0.525,0.9274],[0.55,0.9358],[0.575,0.9442],[0.6,0.9525],[0.625,0.9609],[0.65,0.9694],[0.675,0.9778],[0.7,0.9863],[0.725,0.9948],[0.75,0.9985],[0.775,0.9989],[0.8,0.9994],[0.825,0.9998],[0.85,0.9935],[0.875,0.9825],[0.9,0.9714],[0.925,0.9603],[0.95,0.9492],[0.975,0.9381],[1.0,0.9269]]"
Model_0002_7Story_X2Bay_Y2Bay_C30_Col40x40_Beam25x50_RhoC025_RhoBT005_RhoBB012_PushD025_SoilZE_Raft070_RhoR020_Slab022_RhoS040_WallT025_L300,Y,examples\sample_metadata\sample_0022_metadata.json,7,21.7,2,2,C30,40x40,25x50,0.025,0.005,0.012,yes,21,ZE,12000,0.025,0.5425,LS-CP,3,column,4,0,envelope_monotonic_estimate,21,Envelope Max/Min result rows are converted to a monotonic capacity estimate when SAP2000 does not return saved nonlinear states.,26117.9,5533.77,0.47571,0.5425,5251.45,0.948981,2290.98,0.763132,0.127198,4.26502,9680.08,0.37063,"[[0.0,0.0],[0.025,0.0639],[0.05,0.1278],[0.075,0.1917],[0.1,0.2556],[0.125,0.3197],[0.15,0.3838],[0.175,0.4479],[0.2,0.512],[0.225,0.5763],[0.25,0.6386],[0.275,0.7008],[0.3,0.7458],[0.325,0.7847],[0.35,0.8236],[0.375,0.8491],[0.4,0.8607],[0.425,0.8688],[0.45,0.8769],[0.475,0.8851],[0.5,0.8932],[0.525,0.9013],[0.55,0.9094],[0.575,0.9175],[0.6,0.9256],[0.625,0.9338],[0.65,0.942],[0.675,0.9502],[0.7,0.9584],[0.725,0.9667],[0.75,0.9749],[0.775,0.9831],[0.8,0.9875],[0.825,0.9916],[0.85,0.9956],[0.875,0.9997],[0.9,0.9907],[0.925,0.9805],[0.95,0.9704],[0.975,0.9603],[1.0,0.949]]"
Model_0002_7Story_X5Bay_Y3Bay_C40_Col45x45_Beam30x60_RhoC015_RhoBT005_RhoBB005_PushD040_SoilZC_Raft050_RhoR020_Slab024_RhoS035_WallT025_L150,X,examples\sample_metadata\sample_0023_metadata.json,7,23.8,5,3,C40,45x45,30x60,0.015,0.005,0.005,yes,10.5,ZC,50000,0.04,0.952,LS-CP,3,column,6,0,envelope_monotonic_estimate,21,Envelope Max/Min result rows are converted to a monotonic capacity estimate when SAP2000 does not return saved nonlinear states.,108914,9402.59,0.297144,0.952,0.302,3.21188e-05,5721.29,0.63916,0.0467297,20.3725,0.317227,2.91265e-06,"[[0.0,0.0],[0.025,0.3133],[0.05,0.6108],[0.075,0.787],[0.1,0.8526],[0.125,0.8919],[0.15,0.9063],[0.175,0.9207],[0.2,0.9351],[0.225,0.9495],[0.25,0.964],[0.275,0.9785],[0.3,0.993],[0.325,0.9972],[0.35,0.9919],[0.375,0.9865],[0.4,0.9811],[0.425,0.9574],[0.45,0.9163],[0.475,0.8752],[0.5,0.8342],[0.525,0.7929],[0.55,0.7515],[0.575,0.7101],[0.6,0.6687],[0.625,0.6271],[0.65,0.5852],[0.675,0.5432],[0.7,0.5013],[0.725,0.459],[0.75,0.4164],[0.775,0.3737],[0.8,0.3311],[0.825,0.2879],[0.85,0.2442],[0.875,0.2005],[0.9,0.1568],[0.925,0.1157],[0.95,0.0772],[0.975,0.0386],[1.0,0.0]]"
Model_0002_7Story_X5Bay_Y3Bay_C40_Col45x45_Beam30x60_RhoC015_RhoBT005_RhoBB005_PushD040_SoilZC_Raft050_RhoR020_Slab024_RhoS035_WallT025_L150,Y,examples\sample_metadata\sample_0023_metadata.json,7,23.8,5,3,C40,45x45,30x60,0.015,0.005,0.005,yes,10.5,ZC,50000,0.04,0.952,LS-CP,3,column,2,0,envelope_monotonic_estimate,17,Envelope Max/Min result rows are converted to a monotonic capacity estimate when SAP2000 does not return saved nonlinear states.,95230.7,9380.53,0.304376,0.952,0.169,1.8016e-05,5755.21,0.644461,0.0514514,18.5029,0.177521,1.86411e-06,"[[0.0,0.0],[0.025,0.2914],[0.05,0.5573],[0.075,0.7757],[0.1,0.8373],[0.125,0.8889],[0.15,0.9031],[0.175,0.9173],[0.2,0.9315],[0.225,0.9457],[0.25,0.9601],[0.275,0.9744],[0.3,0.9887],[0.325,0.9993],[0.35,0.9961],[0.375,0.993],[0.4,0.9898],[0.425,0.9785],[0.45,0.9369],[0.475,0.8953],[0.5,0.8537],[0.525,0.812],[0.55,0.7701],[0.575,0.7281],[0.6,0.6862],[0.625,0.6442],[0.65,0.6017],[0.675,0.5592],[0.7,0.5167],[0.725,0.4741],[0.75,0.4308],[0.775,0.3875],[0.8,0.3443],[0.825,0.3007],[0.85,0.2562],[0.875,0.2117],[0.9,0.1671],[0.925,0.1233],[0.95,0.0822],[0.975,0.0411],[1.0,0.0]]"
Model_0002_7Story_X5Bay_Y4Bay_C30_Col50x50_Beam30x60_RhoC025_RhoBT012_RhoBB005_PushD025_SoilZB_Raft070_RhoR030_Slab020_RhoS040_WallT025_L150,X,examples\sample_metadata\sample_0024_metadata.json,7,21,5,4,C30,50x50,30x60,0.025,0.012,0.005,yes,10.5,ZB,80000,0.025,0.525,LS-CP,3,column,29,0,envelope_monotonic_estimate,13,Envelope Max/Min result rows are converted to a monotonic capacity estimate when SAP2000 does not return saved nonlinear states.,217568,37127.8,0.455651,0.525,35145.8,0.946618,15173.2,0.778427,0.105821,4.96122,66944.4,0.307694,"[[0.0,0.0],[0.025,0.0769],[0.05,0.1538],[0.075,0.2307],[0.1,0.3076],[0.125,0.3797],[0.15,0.4516],[0.175,0.5236],[0.2,0.5955],[0.225,0.6476],[0.25,0.697],[0.275,0.7406],[0.3,0.7694],[0.325,0.7982],[0.35,0.827],[0.375,0.8503],[0.4,0.8598],[0.425,0.8692],[0.45,0.8786],[0.475,0.8875],[0.5,0.8951],[0.525,0.9027],[0.55,0.9103],[0.575,0.9179],[0.6,0.9254],[0.625,0.933],[0.65,0.9406],[0.675,0.9481],[0.7,0.9556],[0.725,0.9631],[0.75,0.9707],[0.775,0.9777],[0.8,0.9837],[0.825,0.9897],[0.85,0.9957],[0.875,0.9976],[0.9,0.9892],[0.925,0.9807],[0.95,0.9723],[0.975,0.9619],[1.0,0.9466]]"
Model_0002_7Story_X5Bay_Y4Bay_C30_Col50x50_Beam30x60_RhoC025_RhoBT012_RhoBB005_PushD025_SoilZB_Raft070_RhoR030_Slab020_RhoS040_WallT025_L150,Y,examples\sample_metadata\sample_0024_metadata.json,7,21,5,4,C30,50x50,30x60,0.025,0.012,0.005,yes,10.5,ZB,80000,0.025,0.525,LS-CP,3,column,38,0,envelope_monotonic_estimate,13,Envelope Max/Min result rows are converted to a monotonic capacity estimate when SAP2000 does not return saved nonlinear states.,202170,37140.9,0.463017,0.525,35494.9,0.955682,15005.4,0.76955,0.113056,4.6437,67609.3,0.334418,"[[0.0,0.0],[0.025,0.0714],[0.05,0.1429],[0.075,0.2143],[0.1,0.2858],[0.125,0.3572],[0.15,0.4259],[0.175,0.4925],[0.2,0.5591],[0.225,0.6257],[0.25,0.6762],[0.275,0.7204],[0.3,0.7534],[0.325,0.7821],[0.35,0.8107],[0.375,0.8394],[0.4,0.8541],[0.425,0.8635],[0.45,0.8729],[0.475,0.8823],[0.5,0.8904],[0.525,0.898],[0.55,0.9056],[0.575,0.9131],[0.6,0.9207],[0.625,0.9282],[0.65,0.9357],[0.675,0.9433],[0.7,0.9508],[0.725,0.9582],[0.75,0.9657],[0.775,0.9732],[0.8,0.9797],[0.825,0.9859],[0.85,0.9921],[0.875,0.9983],[0.9,0.994],[0.925,0.9857],[0.95,0.9775],[0.975,0.9692],[1.0,0.9557]]"
Model_0002_8Story_X2Bay_Y2Bay_C30_Col40x40_Beam25x50_RhoC025_RhoBT005_RhoBB012_PushD025_SoilZE_Raft070_RhoR020_Slab022_RhoS040,X,examples\sample_metadata\sample_0025_metadata.json,8,24.8,2,2,C30,40x40,25x50,0.025,0.005,0.012,no,0,ZE,12000,0.025,0.62,IO-LS,2,column,0,0,envelope_monotonic_estimate,16,Envelope Max/Min result rows are converted to a monotonic capacity estimate when SAP2000 does not return saved nonlinear states.,15032.3,5019.08,0.62,0.62,5019.08,1,2130.97,0.684796,0.201932,3.07034,8095.29,0.538528,"[[0.0,0.0],[0.025,0.0464],[0.05,0.0929],[0.075,0.1393],[0.1,0.1857],[0.125,0.2321],[0.15,0.2785],[0.175,0.325],[0.2,0.3714],[0.225,0.4178],[0.25,0.4642],[0.275,0.5106],[0.3,0.5571],[0.325,0.5989],[0.35,0.637],[0.375,0.6752],[0.4,0.7133],[0.425,0.7415],[0.45,0.7653],[0.475,0.7861],[0.5,0.8069],[0.525,0.8209],[0.55,0.8346],[0.575,0.8484],[0.6,0.8622],[0.625,0.876],[0.65,0.8898],[0.675,0.9009],[0.7,0.9114],[0.725,0.9219],[0.75,0.9323],[0.775,0.9415],[0.8,0.9502],[0.825,0.959],[0.85,0.9678],[0.875,0.9741],[0.9,0.9798],[0.925,0.9854],[0.95,0.9911],[0.975,0.9957],[1.0,1.0]]"
Model_0002_8Story_X2Bay_Y2Bay_C30_Col40x40_Beam25x50_RhoC025_RhoBT005_RhoBB012_PushD025_SoilZE_Raft070_RhoR020_Slab022_RhoS040,Y,examples\sample_metadata\sample_0025_metadata.json,8,24.8,2,2,C30,40x40,25x50,0.025,0.005,0.012,no,0,ZE,12000,0.025,0.62,B-IO,1,column,0,0,envelope_monotonic_estimate,7,Envelope Max/Min result rows are converted to a monotonic capacity estimate when SAP2000 does not return saved nonlinear states.,14700.3,3972.93,0.290907,0.290907,3972.93,1,611.897,0.529435,0.162152,1.79404,13657.1,0.929032,"[[0.0,0.0],[0.025,0.0269],[0.05,0.0538],[0.075,0.0807],[0.1,0.1076],[0.125,0.1345],[0.15,0.1614],[0.175,0.1883],[0.2,0.2152],[0.225,0.2421],[0.25,0.269],[0.275,0.2959],[0.3,0.3228],[0.325,0.3497],[0.35,0.3766],[0.375,0.4035],[0.4,0.4304],[0.425,0.4573],[0.45,0.4843],[0.475,0.5112],[0.5,0.5382],[0.525,0.5651],[0.55,0.592],[0.575,0.619],[0.6,0.6459],[0.625,0.6728],[0.65,0.6998],[0.675,0.7267],[0.7,0.7537],[0.725,0.7783],[0.75,0.8002],[0.775,0.8222],[0.8,0.8442],[0.825,0.8661],[0.85,0.8881],[0.875,0.9101],[0.9,0.932],[0.925,0.954],[0.95,0.9709],[0.975,0.9854],[1.0,1.0]]"
